LOCAL_AUTHORITY_CODE,Total_Population,young_adults,white,christian,english_speaking,single_ethnicity_household,own_home,not_good_health,degree_educated,no_car,private_transport_to_work,professionals
E06000001,92028,0.30910157778067543,0.9683683226844004,0.6992328421784674,0.9542965184509062,0.28493501977658975,0.2650714999782675,0.2400899726170296,0.18341242874392744,0.35287134589701735,0.7219265496332777,0.21066010008737787
E06000002,138412,0.33861948385978097,0.864664913446811,0.6322500939224923,0.922998005953241,0.2608444354535734,0.23884489784122764,0.21863711238909922,0.1952801572009081,0.3756446340226911,0.6865638806900471,0.2040625515610391
E06000003,135177,0.29472469428970904,0.9790348949895322,0.7036034236593504,0.9626637667650562,0.29226125746243814,0.2956198169806994,0.23708175207320772,0.19698517900499657,0.2841204596929788,0.7494055435284097,0.20921318806118466
E06000004,191610,0.3276864464276395,0.9368039246385887,0.6822347476645269,0.9493032722718021,0.2820364281613694,0.2843275403162674,0.20101769218725538,0.23732739061058783,0.25927563511413737,0.7690250453387204,0.24998278276439934
E06000005,105564,0.3182429616157023,0.9399605926262741,0.6737334697434731,0.9461179947709446,0.2814027509378197,0.28861164791027244,0.20195331741881703,0.24787863203908458,0.2796657381615599,0.696209246337781,0.24658260905047538
E06000006,125746,0.32739808820956534,0.9691282426478774,0.7500357864266061,0.9539547977669269,0.28315015984603886,0.27132473398756224,0.21765304661778506,0.18332440341260356,0.2697328931572629,0.75953939941296,0.20093092727999026
E06000007,202228,0.33090373242083193,0.9361957790216983,0.714070257333307,0.9462042842731966,0.28197381173724706,0.3043693257115731,0.1744120497656111,0.2861187453370998,0.19272962179938924,0.7705243118902197,0.2918418339018006
E06000008,147489,0.34938876797591684,0.6708161286604425,0.5261341523774654,0.8707022218606133,0.24660144146343116,0.2514289201228566,0.21349388767975916,0.21210400817531508,0.30516276393562675,0.7259719445500058,0.2338284619070436
E06000009,142065,0.3094569387252314,0.943729982754373,0.6717066131700278,0.9478266990462112,0.26256291134339915,0.2807799246823637,0.26356245380635623,0.16273570060515596,0.367191262603508,0.65054787606441,0.21429850697666847
E06000010,256406,0.3760520424639049,0.8988479208754865,0.5489458125004875,0.9146080824941694,0.26255625843389,0.21953464427509498,0.21949174356294315,0.16195426620462652,0.4063021776972539,0.6229317511699413,0.17058149914790402
E06000011,334179,0.2728986561094503,0.9642048123909641,0.6803030711085974,0.9614996753237037,0.29728678343043696,0.3235960368545001,0.19844753859458553,0.2705889868884371,0.17618435035516528,0.7371832423137248,0.2829733492066492
E06000012,159616,0.3151939655172414,0.9563828187650361,0.6066810344827587,0.9472671912590217,0.2871391339214114,0.2899646651964715,0.2094965417000802,0.1704905770825542,0.3081613037428092,0.7179976263140048,0.18629196337741608
E06000013,167446,0.3055193913261589,0.9271824946549933,0.6602367330363221,0.9338055253634008,0.2899681091217467,0.2945188299511484,0.20501534823166873,0.20596917784337881,0.20679361666006452,0.7805277781334425,0.219920359534449
E06000014,198051,0.3671932986957905,0.9074228355322619,0.5950790452964135,0.9432418922398776,0.26247279741076796,0.2820384648398645,0.16127159166073385,0.3378526680170322,0.26101110685561085,0.5411006776673656,0.306307675165365
E06000015,248752,0.36010966745996015,0.7626270341544993,0.5271475204219463,0.8938862803113141,0.24758795909178619,0.25579291824789346,0.20042049913166526,0.25741846134026153,0.28935866472411537,0.6862802654284749,0.25013787336998095
E06000016,329839,0.4036636055772665,0.45826297072207955,0.32401262434096634,0.783879407832306,0.21468959098226711,0.18780071489423628,0.19457977983197863,0.23463105612229723,0.36852791878172586,0.6031972304246004,0.2122565348306108
E06000017,37369,0.2765126174101528,0.9488613556691375,0.6818753512269529,0.9647836441970618,0.2720971928603923,0.28676175439535445,0.1558243463833659,0.3410926044798811,0.12391681109185441,0.6700116427343793,0.3301546820424683
E06000018,305680,0.42697265113844546,0.6634683328971474,0.44234493588065954,0.8824489662392044,0.2077728343365611,0.18860573148390475,0.20056922271656635,0.23456468214615464,0.43679190682702906,0.5217663003781915,0.23123244980441168
E06000019,183477,0.2832017092060585,0.9408863236263946,0.6780304888351129,0.9442981954141391,0.2858668933980826,0.29313755947611964,0.19135368465802252,0.29015813927646245,0.1637661359312555,0.6865698106098386,0.26050289792435477
E06000020,166641,0.3365318259011888,0.8990884596227819,0.6174470868513751,0.9325856181852005,0.274812321097449,0.25629346919425594,0.19805450039306052,0.22042903844165349,0.20640163343742493,0.7873602817332721,0.23465013014852243
E06000021,249008,0.3493743172910107,0.8668717470924628,0.6089121634646276,0.9217495020240314,0.26867008288890315,0.25841338430893784,0.23367522328599885,0.16290981993376755,0.30885428770625145,0.7508440555365419,0.1790045232126835
E06000022,176016,0.33256067630215436,0.907792473411508,0.565107717480229,0.9488455594945914,0.25737432960639944,0.28086083083356056,0.16069561858012907,0.3478168112644005,0.21979187920832483,0.6108204294232719,0.33391076857809515
E06000023,428234,0.4209917942059715,0.7876137812504378,0.4676275120611628,0.9100678600951816,0.23625401065772453,0.23373436018625332,0.17730259624410952,0.3447828807257764,0.28900064022938815,0.5587609228791162,0.31236934212719353
E06000024,202566,0.28701756464559697,0.9461903774572238,0.6098999832153471,0.951862602805999,0.2821598886288913,0.3204239605856857,0.18921240484582802,0.2956080762632515,0.17172747571605065,0.747373492000041,0.29422014493199267
E06000025,262767,0.32362511274246764,0.9241419204085749,0.5955999040975465,0.9482126751076049,0.27852812567788193,0.30857375545635485,0.15965094551446718,0.27829218106995884,0.13059569640499172,0.7625520943961445,0.27723374178757937
E06000026,256384,0.3584194021467798,0.9336308037943085,0.5808357775836246,0.9440994757863205,0.2713819895157264,0.2535181602596106,0.2045837493759361,0.22414031552223176,0.2784634103945767,0.6606933069994722,0.21859942451432754
E06000027,130959,0.2713368306111073,0.9531150970914561,0.6332058125062042,0.9582541100649822,0.27686527844592584,0.3052711153872586,0.238601394329523,0.21679269030850973,0.2552618200305033,0.6951609502389654,0.24181192015743605
E06000028,183491,0.38767568981584927,0.8453112141739921,0.5712977748227434,0.915723386978108,0.23736314042650594,0.25955496454866994,0.1922492111329711,0.2821754888855202,0.2589773472212106,0.6485210683291099,0.27527863117529655
E06000029,147645,0.30984455958549223,0.9242033255443801,0.6044430898438823,0.9461343086457381,0.27375122760675946,0.3065393342138237,0.1860543872125707,0.2678552998245433,0.17700299071304895,0.7123513087618012,0.2812338758035951
E06000030,209156,0.36466560844537094,0.8552468014305112,0.5751066189829601,0.9223880739734934,0.26472585056130354,0.2821817208208227,0.16558932088967088,0.24112177925176742,0.21570846536894522,0.7074311180924027,0.2509155334751916
E06000031,183631,0.3695617842303315,0.7160501222560461,0.5674532077917127,0.8447103157963525,0.24896667773959735,0.2426932271784176,0.1844078614177345,0.22213360677528388,0.24873350174945624,0.6969583390123121,0.221457453091636
E06000032,203201,0.390544337872353,0.47566695045792096,0.4737722747427424,0.8212262734927486,0.20122932465883533,0.22137686330283807,0.17369009010782427,0.2490574676462803,0.2744403914231489,0.6668983531574758,0.2147733769800787
E06000033,173658,0.3342374091605339,0.8789229404922319,0.5571583226802105,0.9338585034953759,0.2539877229957733,0.2820025567494731,0.19802139838072533,0.23037486301061386,0.27294517796405904,0.5605060303175599,0.2673010486974268
E06000034,157705,0.364807710598903,0.8160489521575093,0.6334041406423385,0.9201864240195301,0.2565042325861577,0.26365682762119147,0.17060334168225486,0.18567188389791023,0.20090452744855902,0.6756910359080341,0.206354947042108
E06000035,263925,0.3445789523538884,0.8623662025196552,0.5783347541915317,0.9303703703703704,0.26209718670076726,0.27646869375769634,0.18029364402765938,0.20208026010777613,0.21872910958581665,0.7072200427819305,0.223602680580003
E06000036,113205,0.35953358950576386,0.8574179585707346,0.605308952784771,0.9297380857735966,0.254264387615388,0.2821960160770284,0.1331301620953138,0.31920237550320996,0.13677579667814638,0.7553057466808799,0.3175210776238008
E06000037,153822,0.3176203663975244,0.9122752272106721,0.6364239185552132,0.9440717192599238,0.2698313635240733,0.28689004173655264,0.13860826149705505,0.33559013140526134,0.12446262431825474,0.7092275860380269,0.3332680370719524
E06000038,155698,0.43798250459222343,0.6679212321288649,0.4999935773099205,0.8781423011214017,0.22078639417333557,0.22870557104137498,0.14525555883826383,0.3756534598981978,0.2834306255865371,0.522040775434554,0.33469418424084557
E06000039,140205,0.4195784743768054,0.3566777219072073,0.41172568738632714,0.7830105916336793,0.20349488249349168,0.19572055204878572,0.16108555329695803,0.2992919508275053,0.23411338297285586,0.6786181277860327,0.23808320950965825
E06000040,144560,0.33135722191477585,0.789540675152186,0.622931654676259,0.9284172661870503,0.23710570005534035,0.27693691200885445,0.13272689540675153,0.40759873964973986,0.13336989494250115,0.6706467796243458,0.38571486524861054
E06000041,154380,0.3189532322839746,0.8452260655525327,0.5953167508744656,0.9413978494623656,0.26097940147687526,0.31598652675217,0.12186164010882239,0.41717416750072095,0.0898693893787708,0.7176720695036681,0.3983189353257063
E06000042,248821,0.3745664554036838,0.7492615173156607,0.5278975649161446,0.9016722865031489,0.24220222569638414,0.25278412995687666,0.14957338809827145,0.3012066806075888,0.1892396332061998,0.7222556991149057,0.2902577025112887
E06000043,273369,0.4271881595938091,0.8186370802834264,0.429002556983418,0.9281484001477855,0.21547432225307186,0.24082833093730452,0.17092647666706906,0.38974654909745626,0.38189073556030934,0.4148030009368988,0.3437417306165652
E06000044,205056,0.39636001872659177,0.8455446317103621,0.521803799937578,0.9193683676654182,0.23725713951310862,0.2327266697877653,0.17467423533083645,0.24971487262210068,0.3338247165771647,0.5918504641944131,0.2507270826649003
E06000045,236882,0.4223917393470167,0.7840443765250209,0.5151003453196106,0.8895483827390853,0.23421365912141912,0.21059430433718054,0.17455526380223066,0.26356270870969506,0.29511266716876666,0.6209860755896561,0.2478598323387326
E06000046,138265,0.26524427729360284,0.953574657360865,0.6051495316963802,0.9640689979387408,0.2769102809821719,0.31229161392977256,0.22660109210573898,0.23692360633172746,0.2252762543996071,0.6421187541105247,0.25992006610566787
E06000047,513242,0.31551003230444896,0.9681456311057941,0.7203521925329571,0.9587660401915665,0.28874293218403796,0.2880415086840126,0.2421956893629126,0.2232200300891667,0.2722304884206199,0.7590283201839452,0.2334901313768682
E06000048,316028,0.2802504841343172,0.9743756882301569,0.685613300087334,0.9647689445239029,0.2969800144291012,0.29021795537104306,0.21700608806814586,0.2657204590956846,0.22047295248819784,0.7236778510697681,0.2604883561037706
E06000049,370127,0.29633612246607244,0.9415822136726043,0.6887906043060895,0.953072864179052,0.2834621629872989,0.3229837326106985,0.17687712595946797,0.3322423488735984,0.1612445983153643,0.742386935783058,0.33166239731472485
E06000050,329608,0.31056588432319604,0.9537086478483532,0.7012147763403801,0.9568244702798476,0.2835337734521007,0.30701014538482074,0.18465571223999416,0.3053093616662709,0.18592073075889765,0.7458816770535414,0.29797424721177984
E06000051,306129,0.28614080992000107,0.9586056858383231,0.6868607678462347,0.9580405645985842,0.28515103110126777,0.2956858056570923,0.18590528829349717,0.28708453883965973,0.15795764763946513,0.7112930188128532,0.2760500968503728
E06000052,532273,0.27866902886300826,0.9612999344321429,0.598108489440569,0.9606029236876565,0.28557713804758084,0.30112555023456006,0.21175036118683457,0.26080205398313205,0.17334594967641684,0.7094676661472966,0.25253652970837576
E06000053,2203,0.30549251021334545,0.9518837948252383,0.5528824330458466,0.9655015887426237,0.27371765773944623,0.19064911484339536,0.1425329096686337,0.34652345958168457,0.4974721941354904,0.2700228832951945,0.2913806254767353
E06000054,470981,0.30104823761468086,0.9386917943611314,0.6404738195383678,0.9503653013603521,0.2790176249148055,0.28142536535444107,0.1620044120675781,0.3076667545188992,0.1475843743884981,0.7042798140592602,0.29107166744699353
E06000055,157479,0.3340889896430635,0.7256269089846901,0.5927520494796131,0.8896932289384616,0.24135916534903065,0.27052495888340666,0.17117202928644454,0.3018708715107607,0.20587036920955307,0.6983643318823374,0.2896715472892758
E06000056,254381,0.32108923229329234,0.9088807733281967,0.622043312983281,0.9468120653665172,0.26959953770132206,0.30118994736242094,0.1533211993034071,0.28433031300643136,0.13237674690370596,0.7491765169126389,0.2941746617093616
E07000004,174137,0.3204086437689865,0.8610059895369737,0.6169395361123713,0.9359125286412422,0.258026726083486,0.2888645147211678,0.14409344366791665,0.33499478118807385,0.13318733250727602,0.7169657422512234,0.3244125038578546
E07000005,92635,0.26472715496302696,0.8711286230906244,0.6320829060290387,0.9473309224375236,0.2559615696011227,0.3095482269120743,0.1340637987801587,0.4273798396918458,0.10875331564986737,0.651490454393212,0.40513564809646085
E07000006,66867,0.28789986091794156,0.7877428327874736,0.6226838350755979,0.9412116589648107,0.240013758655241,0.2969327171848595,0.14274604812538322,0.3900081996017336,0.10224786905031304,0.700365371259474,0.3972280097834949
E07000007,171644,0.33446552166111254,0.7682528955279532,0.5720095080515486,0.9181911398009834,0.2442264221295239,0.2794504905502086,0.14238773274917854,0.35469263166029136,0.13686800960787493,0.7121134916039374,0.3375564562825709
E07000008,123867,0.4757037790533395,0.6741827928342496,0.448174251414824,0.8942575504371625,0.18014483276417448,0.18323685888896962,0.13340114800552205,0.5057613791017692,0.336130496210986,0.35302925786967715,0.4663761629961135
E07000009,83818,0.3254193609964447,0.9036841728507004,0.623290939893579,0.9378653749791215,0.2754300985468515,0.28901906511727793,0.16055023980529243,0.30724214754149803,0.130294100652915,0.750882306063435,0.30847696896559573
E07000010,95262,0.30232411664672165,0.9084524784279145,0.6638743675337491,0.9227498897776658,0.28530788772018223,0.3006550355860679,0.22719447418697908,0.15974008207934337,0.1812900049236829,0.7591544233274925,0.1863009390304174
E07000011,169508,0.3224272600703212,0.9015739670104066,0.608053897161196,0.9411827170399037,0.2760105717724237,0.2944167826887227,0.15552658281615028,0.2942134412855947,0.13616892388905716,0.7382207189491072,0.29218685035565395
E07000012,148755,0.31721958925750393,0.8800107559409768,0.5879667910322343,0.9440556619945548,0.2660818123760546,0.29166750697455546,0.13826089879331788,0.4174875020720823,0.10958972648432289,0.6886490857857693,0.39198119763959616
E07000026,96422,0.27979091908485615,0.9782622223144096,0.7541432453174587,0.9636390035469083,0.29300367136130756,0.3050859762294912,0.20988985916077244,0.23683425235160557,0.2079348211122919,0.7173365743554128,0.23215990971438494
E07000027,69087,0.30448564853011423,0.9740616903324794,0.7067899894336127,0.9625689348213122,0.28540825336170333,0.332537235659386,0.24149261076613546,0.19663074987693485,0.2992890084550346,0.6511501423681095,0.2221262437214064
E07000028,107524,0.31429262304229755,0.9541497712138686,0.6909713180313233,0.9492950411071017,0.28300658457646666,0.30998660764108477,0.1993694431010751,0.23262601654721132,0.24682470729386455,0.672012473549393,0.21463043397557263
E07000029,70603,0.2961772162655978,0.9754401371046556,0.7887341897653074,0.9629760775037888,0.2906108805574834,0.3083013469682591,0.2172145659532881,0.2184105913253354,0.23392061828661254,0.763430725730443,0.23322489434799792
E07000030,52564,0.26598051898637853,0.9730614108515334,0.7070428430104254,0.964500418537402,0.2942127691956472,0.3133132942698425,0.18156913476904346,0.2863214378991856,0.13934817515080503,0.6597356250682787,0.24653144459415172
E07000031,103658,0.256342974010689,0.9593470836790214,0.6805166991452661,0.9631962800748616,0.28766713615929307,0.32991182542591985,0.18148141002141657,0.34715535845566436,0.1534198315861832,0.6502748103421583,0.2971241678278371
E07000032,122309,0.30219362434489694,0.9681707805639814,0.6118437727395367,0.9622104669321145,0.29525218912753765,0.3204179577954198,0.21002542740109068,0.24080950612699592,0.19220092782721118,0.7776393122379213,0.2557383674912851
E07000033,75866,0.31628133814884135,0.96561041836923,0.6517675902248702,0.9559354651622598,0.2942688424327103,0.29070993593968314,0.25715076582395274,0.16588938462833572,0.2335904393158745,0.8005853206224103,0.20483324157514995
E07000034,103788,0.3121844529232667,0.9523451651443327,0.6375977955062242,0.957191582841947,0.2857652137048599,0.2861891548155856,0.23983504836782674,0.21886783272921886,0.2709205915035473,0.7346193190121292,0.23650863238763284
E07000035,71116,0.2496484616682603,0.9724393947916081,0.687173069351482,0.9703442263344395,0.2931829686709039,0.31635637549918444,0.18204060970808256,0.346973437691513,0.148224043715847,0.7138123125267819,0.33160977003285247
E07000036,112081,0.321169511335552,0.9568704776010207,0.5780105459444509,0.9564689822539056,0.2911733478466466,0.31702072608202997,0.20579759281234108,0.2153161518253465,0.22391768668364412,0.7376529142586279,0.23633115166542087
E07000037,90892,0.300279452537077,0.9651784535492672,0.6410245126083703,0.9615367689125556,0.28382035822734675,0.3112265105839898,0.1840315979404128,0.30467227265133373,0.1959636419657988,0.6872725678460256,0.2915515805164628
E07000038,99023,0.2812073962614746,0.9718146289245932,0.6743180877169951,0.9672298354927643,0.2988800581683043,0.31001888450158044,0.22784605596679558,0.23048887771773283,0.1867192941722777,0.7941226684877716,0.25389474582782023
E07000039,94611,0.3253215799431356,0.9439811438416252,0.6396930589466341,0.9555442813203538,0.2884865396201287,0.3122998382851888,0.1795351491898405,0.2695075239398085,0.13461735740664751,0.8162928622144259,0.28231633462807504
E07000040,132457,0.23608416316238479,0.9666155809055014,0.6563186543557532,0.9674158406124251,0.2915059226767932,0.3367281457378621,0.2018541866417026,0.303957522652408,0.15928289685293967,0.6832309541296655,0.2747713160178941
E07000041,117773,0.3921442096235979,0.8885058544827762,0.5390539427542815,0.9289395701901115,0.24581185840557682,0.2539886051981354,0.16724546373107588,0.3007217492054381,0.2705617156086268,0.5409090113582666,0.27567860830606067
E07000042,77750,0.27538263665594853,0.9624694533762058,0.6208745980707395,0.9535434083601286,0.290572347266881,0.29493247588424437,0.1792025723472669,0.2757232870385643,0.14335429513401307,0.7025033759218864,0.2578684948582113
E07000043,93667,0.27307376130334055,0.9624307386806452,0.6130867861680207,0.9591638463920057,0.2847534350411564,0.2952373834968559,0.19774306853000523,0.23939839879031713,0.19022024449388766,0.6285471689681369,0.2481342449836886
E07000044,83140,0.23874188116430117,0.9628578301659851,0.6156001924464758,0.9687996151070484,0.2888501323069521,0.3228289631946115,0.18224681260524417,0.3558785500913995,0.13348526778447012,0.6777169429235731,0.32723318082952074
E07000045,124220,0.2582756399935598,0.9658589599098374,0.6221944936403155,0.9642247625181131,0.2866929640959588,0.3234020286588311,0.2017308001932056,0.29191777927578955,0.1606021887672907,0.7264000542722432,0.28526847800278143
E07000046,63839,0.2531681260671376,0.9742633813186297,0.6282993154654678,0.9644574633061295,0.29340998449223826,0.3163426745406413,0.21632544369429346,0.22615062351950824,0.1626884871006932,0.6812801850214271,0.217672267192708
E07000047,53553,0.2497712546449312,0.9679383041099472,0.6363602412563255,0.9652867253001699,0.2883498590181689,0.3132971075383265,0.19416279200044814,0.3131787290688713,0.12858085808580857,0.6755279109385524,0.29238144289053525
E07000048,47752,0.23913134528396715,0.957300217791925,0.6713226671134194,0.9657605964148098,0.28222901658569277,0.3381847880717038,0.21848299547662925,0.26353846954169485,0.17895227008149012,0.7308506970099995,0.2886064725875573
E07000049,87166,0.2271527889314641,0.9665121721772251,0.668276621618521,0.9711470068604732,0.3003005759126265,0.34970057132368126,0.18904159878851845,0.2887404823684546,0.1032903844106059,0.802247191011236,0.31258426966292135
E07000050,68583,0.27277896854905737,0.9508916203723955,0.6653398072408614,0.9543327063558025,0.2820669845296939,0.29481066736654854,0.1699400726127466,0.28169721782823115,0.12023020579002441,0.7077949270160325,0.2581957406078009
E07000051,44973,0.2567762879950192,0.9668245391679452,0.6501456429413204,0.9666911257865831,0.2902408111533587,0.30636159473461855,0.1910924332377204,0.2691730576858953,0.14461522749323394,0.7106307484009524,0.26145011438442506
E07000052,99264,0.23286387814313347,0.9621917311411993,0.6527341231463571,0.9676922147001934,0.2862870728562218,0.31424282720825275,0.19698984526112184,0.3199536714157617,0.15682872977966025,0.6615697598109989,0.2947018418865118
E07000053,65167,0.2896404621971243,0.9538263231390121,0.6102168275354091,0.9565270765878435,0.28057145487746865,0.29496524314453637,0.20979943836604417,0.2352476392368472,0.24734536534080953,0.6663554206822957,0.23783639577150098
E07000061,99412,0.30530519454391825,0.8840079668450489,0.5958234418380075,0.9346255985192935,0.2513278075081479,0.2824910473584678,0.21527582183237437,0.2592397653311424,0.28683462187861014,0.6402618731580013,0.2659227429188508
E07000062,90254,0.3220577481330467,0.9010791765461919,0.5188911294790258,0.9390719524896404,0.24856516054690098,0.25371728676845345,0.2325769494980832,0.2236170822585268,0.33268543939357126,0.6313343660101792,0.23692557350446264
E07000063,97502,0.26852782507025497,0.9330577834300835,0.5699575393325265,0.9582162417181186,0.2707636766425304,0.3172550306660376,0.19639597136468995,0.30771029251311893,0.20122804106114128,0.6218922955284196,0.29640692260388296
E07000064,90588,0.22116615887313992,0.9479732414889389,0.6480549300128052,0.965911599770389,0.27383317878747737,0.33424956947940127,0.22849604804168322,0.2667453445129064,0.1903515424321746,0.6848309075911981,0.2930580315568209
E07000065,148915,0.25131786589665245,0.9446865661619045,0.64007655373871,0.9624752375516235,0.2798039149850586,0.3348084477722191,0.17485814054997817,0.30125408942202836,0.12446550513753271,0.7106099825558494,0.3113077485791458
E07000066,174497,0.330807979506811,0.9027547751537276,0.6026350023209568,0.9484346435755342,0.268732413737772,0.27904204656813586,0.18798030911706218,0.19478549490489386,0.21942099909273363,0.6385201069802183,0.239380285762475
E07000067,147084,0.3183011068505072,0.9386541024176661,0.6126703108427837,0.946581545239455,0.27832395093959916,0.28714204128253246,0.16798564085828507,0.23224411681315565,0.16162377340563208,0.7089487870619946,0.2556199460916442
E07000068,73601,0.3000230975122621,0.9050012907433322,0.6861591554462575,0.9573918832624557,0.26282251599842393,0.3155120174997622,0.15646526541758943,0.31899877181753705,0.14863277426091495,0.5707704615045103,0.34605941905050897
E07000069,88011,0.2791014759518696,0.959766392837259,0.6405108452352547,0.9669473134040063,0.28670279851382213,0.34318437468043766,0.20389496767449522,0.15292098677154092,0.16775521405049396,0.691865936346307,0.21513886542962624
E07000070,168310,0.3308181332065831,0.9116511199572218,0.61942843562474,0.9507575307468362,0.27095835066246804,0.30555522547679875,0.15093577327550353,0.29975990031304134,0.15676001550231816,0.6300794669812958,0.3125816936761865
E07000071,173074,0.35506777447796894,0.8817500028889377,0.5770884130487537,0.9335659891144829,0.2614950830280689,0.27636733420386655,0.16336942579474675,0.2864023740111394,0.2057821704777061,0.6360895930456728,0.28697115216095903
E07000072,124659,0.31148172213799247,0.8636359990052864,0.6181102046382532,0.9474807274244138,0.25662005952237704,0.30299456918473594,0.16981525601841824,0.26528511277885874,0.15319959223711796,0.5975263354380042,0.31096106088396175
E07000073,81944,0.3481279898467246,0.8492385043444304,0.5536097822903446,0.9218368641999414,0.2601654788636142,0.24107927365029777,0.19031289661232062,0.18676307732395284,0.2491623339110341,0.6986955768421573,0.21281651444271182
E07000074,61629,0.27248535592010253,0.9633289522789595,0.649791494264064,0.9654545749565951,0.28798130750133866,0.33016923850784535,0.18168394749225203,0.24644462229883643,0.1257698415772553,0.7229301465733527,0.28489370130727587
E07000075,83287,0.2874398165379951,0.961686697803979,0.6337963907932811,0.9645803066504977,0.2863472090482308,0.3349982590320218,0.1732323171683456,0.20831172792435565,0.14521511142891194,0.6766514190152968,0.26334169494860066
E07000076,138048,0.24300967779323135,0.9609990727862773,0.6390241075567918,0.9625854775150672,0.28317686601761705,0.33314499304589706,0.257606050069541,0.16680612653254265,0.23350776910071652,0.7119054997539056,0.21566983247352206
E07000077,79443,0.2889744848507735,0.9308183225708999,0.6439585614843347,0.9530732726609015,0.27136437445715794,0.2863184925040595,0.14115781126090404,0.3326434402667586,0.1005875590752331,0.6910134405964878,0.3390071617776906
E07000078,115732,0.36759064044516643,0.8916980610375695,0.5871755434970449,0.9361542183665711,0.2538450903812256,0.28720664984619637,0.15770919019804375,0.3796871418123069,0.2203459718431542,0.6112397141070915,0.31769258063971073
E07000079,82881,0.2640170847359467,0.9506038778489642,0.6868039719597978,0.9628503517090768,0.28192227410383564,0.29251577563012027,0.161448341598195,0.3508928032816553,0.12620046362733192,0.6857135977268897,0.32892677406149917
E07000080,81961,0.27010407388880076,0.9700223276924391,0.6577762594404656,0.9633972255096936,0.2905528239040519,0.3118190358829199,0.19936311172386867,0.2494332802352653,0.1436181110428191,0.7798965905600491,0.24879696938671036
E07000081,121688,0.3511849976990336,0.8526888436000263,0.6235701137334824,0.9241995924002366,0.2575685359279469,0.28281342449543095,0.17982874235750443,0.23420412136946292,0.22580068701229078,0.7146674487568025,0.22255352429367484
E07000082,112779,0.28022060844660795,0.9542290674682343,0.6199824435400207,0.9601078214915898,0.2821624593231009,0.3127621277010791,0.17103361441403098,0.3409681227863046,0.13874126459388209,0.7587108925394999,0.31432457884273307
E07000083,81943,0.29399704672760335,0.9456573471803571,0.6657310569542243,0.9544805535555203,0.2865894585260486,0.31941715582783153,0.16748227426381754,0.314578400878944,0.13593919034333543,0.7420084729443481,0.2879838243789717
E07000084,167799,0.3424215877329424,0.8903628746297654,0.5988235925124703,0.9346301229447136,0.2728323768318047,0.28542482374745975,0.14212242027664052,0.31959917892790546,0.15227584216980453,0.7137990723685671,0.3143627527129891
E07000085,115608,0.2746176735174036,0.936128987613314,0.6465296519272022,0.956793647498443,0.2773250986090928,0.3057746868728808,0.148475884021867,0.3523189945123031,0.11181175673959964,0.7259353028721967,0.33677746035547496
E07000086,125199,0.32275018171071657,0.9223316480163579,0.6188947196063866,0.9485938386089345,0.28073706658998876,0.3108171790509509,0.15533670396728408,0.29080045581939695,0.13277881058704027,0.7728682642014354,0.28962413331711473
E07000087,111581,0.28866921787759564,0.9512192936073346,0.6377250607182227,0.9637393463044783,0.28854374848764575,0.3382027406099605,0.16245597368727652,0.30873775475734716,0.13433092165997554,0.7690140845070422,0.3058021082469661
E07000088,82622,0.3232795139309143,0.9478589237733291,0.5884147079470359,0.9505942727118685,0.27840042603664883,0.28437946309699597,0.18469656992084432,0.22433830814474656,0.22853513971210837,0.6705189326810274,0.21563537428550034
E07000089,91033,0.312315314226709,0.9136906396581459,0.6461063570353608,0.9504465413641207,0.26872672547318005,0.3092614766073841,0.1190117869344084,0.38995348837209304,0.08042804843705999,0.7302224904780735,0.3751743084896039
E07000090,120684,0.28374100957873455,0.9566388253621027,0.5922491796758477,0.9595223890490868,0.28283782440091476,0.2955487057107819,0.19832786450565112,0.23201677661390605,0.20703163064450117,0.7585275852758527,0.24536045360453604
E07000091,176462,0.25430404279674945,0.9535990751549909,0.6518173884462377,0.9629381963255546,0.28865704797633485,0.3291756865500788,0.18978023597148394,0.2843073439932079,0.13316154556930726,0.7496897328690372,0.2825178027062523
E07000092,93807,0.38955515046851513,0.8126152632532754,0.5778460029635315,0.8959246111697421,0.24743356039527967,0.2530301576641402,0.14388052064344878,0.26547135412928324,0.16624477217697556,0.7108462035351459,0.24609000332765674
E07000093,116398,0.2900307565422086,0.9302565336174161,0.6567638619220262,0.9505489785047853,0.28040859808587776,0.29048609082630283,0.15390298802384922,0.3182691458351736,0.13492630076008902,0.7317105903272886,0.31539480968277667
E07000094,116595,0.30157382392040827,0.9245936789742271,0.632351301513787,0.9541575539259831,0.26149491830696,0.2750718298383293,0.14023757451005617,0.4213502734979406,0.14307052171129842,0.6554834432464496,0.3973969782616281
E07000095,93609,0.33223301178305503,0.8221859009283295,0.6501084297450032,0.9226035958080954,0.25018961851958677,0.2978132444529906,0.16959907701182578,0.20333093189812265,0.1753943385203675,0.6844576175846999,0.23099389900912984
E07000096,144847,0.32814625087160937,0.8723549676555262,0.5814963375147569,0.9389562780036866,0.2565948897802509,0.2709755811304342,0.15610264624051584,0.323596803002147,0.16415295805665855,0.6878685131473236,0.31825918814766396
E07000097,137687,0.32094533252957796,0.9138989156565253,0.6274593825125102,0.9496176109581878,0.26255202016167106,0.2990333146920189,0.13767458075199546,0.34850876778371226,0.12771974477261078,0.6569885773624091,0.34994807892004154
E07000098,100031,0.32640881326788695,0.7785586468194859,0.5170797052913597,0.9234437324429426,0.2335875878477672,0.27359518549249734,0.15581169837350423,0.3270202691918923,0.17016944039418774,0.609492595290119,0.33165412316905396
E07000099,127114,0.3243151816479695,0.8597558097455827,0.5696854791761725,0.9411787843982566,0.2568324496121592,0.27962301556083513,0.15696933461302454,0.35927130376275573,0.16649197020177442,0.6672103400523157,0.3497153408216649
E07000100,140664,0.3311579366433487,0.8293451060683615,0.5970824091451971,0.9311266564295058,0.23920121708468406,0.29212876073480065,0.1302394358186885,0.48378753410045594,0.13548272176701104,0.5888929361988288,0.43942111014598334
E07000101,83957,0.34910728110818634,0.8430863418178354,0.5443858165489477,0.9292852293435926,0.25476136593732507,0.2472813464035161,0.17258834879759877,0.23222376038258244,0.2275202017307582,0.7089943375918386,0.2510646263278581
E07000102,87317,0.3131348992750553,0.816530572511653,0.5993105580814733,0.9402407320453062,0.24606892128680555,0.2946276211963306,0.15090990299712542,0.3556246526369549,0.14156317648399225,0.6595604445555581,0.36203095524898293
E07000103,90301,0.40124694078692374,0.6416097274670269,0.5414225756082436,0.8818839215512564,0.2211603415244571,0.2550802316696382,0.15113896856070255,0.34807654607693816,0.22153158310842125,0.5824621068984339,0.3045093840534072
E07000104,110535,0.36769349074953633,0.7804586782467092,0.5753743158275659,0.9182792780567242,0.2307052064956801,0.22970099968335822,0.1519428235400552,0.3187753423047541,0.20285236053470296,0.6399086464959136,0.30140993941224214
E07000105,117956,0.30778425853708163,0.9007680830140052,0.6294974397232866,0.9357811387296958,0.2736528875173794,0.28250364542710843,0.17331038692393774,0.25899450648414984,0.15795090715048027,0.7010739234699197,0.27944600841066275
E07000106,151145,0.3276456382943531,0.8834496675377949,0.6028780310298059,0.9458864004763637,0.24680273909160078,0.26866254259155115,0.1855370670548149,0.2880491237476125,0.22925408500765168,0.6384638829625114,0.31139896373056997
E07000107,97365,0.3607148359266677,0.8343141786062753,0.6064294150875571,0.9256817131412726,0.25841934986904946,0.28096338520002057,0.16588096338520003,0.23336937035567173,0.1917117836381328,0.6381649231017315,0.24881578682147104
E07000108,111674,0.2835933162598277,0.93504307179827,0.640623600838154,0.9468184178949443,0.2753102781309884,0.290013790139155,0.21279796550674285,0.23151811564947575,0.234899606706686,0.7138264941662037,0.24162631954917058
E07000109,101720,0.3322158867479355,0.7787357451828549,0.6084447502949273,0.8993020055053087,0.25491545418796696,0.25957530475815965,0.1853126228863547,0.2145986564350389,0.22871064282357598,0.6807867503516026,0.23094523394697622
E07000110,155143,0.32214150815699066,0.8971722862133644,0.6289552219565175,0.9353693044481542,0.27372166323972075,0.2924463237142507,0.1683801396131311,0.27049490624290196,0.1612684602896906,0.6977589960302215,0.2852221795364323
E07000111,114893,0.2858572759001854,0.9181412270547379,0.6542522172804262,0.953382712610864,0.267675141218351,0.30461385811146025,0.15451768166903118,0.3336529242569511,0.13062526584432158,0.6062840310631081,0.335660091047041
E07000112,107969,0.2901110503940946,0.9148366660800785,0.6232900184312163,0.9397882725597162,0.26686363678463265,0.28646185479165315,0.21666404245663107,0.23018737566856068,0.236560501488001,0.6925849212924606,0.24217067108533555
E07000113,135835,0.3114955644716016,0.9342952847204329,0.6296977951190783,0.9455074170869069,0.2767254389516693,0.28357934258475354,0.19816689365774653,0.19879185664914473,0.20120536115858595,0.7146314281165419,0.23219232606272885
E07000114,134186,0.2817581565886158,0.9119580284083287,0.6144232632316337,0.9350304800798891,0.26345520397060795,0.2765787787101486,0.24173162625013042,0.2077622896411698,0.29758204089862716,0.6789311594202898,0.2406340579710145
E07000115,120805,0.3023467571706469,0.9306071768552626,0.6367286122263152,0.9530234675717064,0.274185671122884,0.2894168287736435,0.15747692562393942,0.282348208072373,0.13751557955961777,0.6840631406997483,0.30088510326204726
E07000116,115049,0.31866422133178035,0.9039191996453685,0.6293231579587828,0.9409034411424697,0.2551782284070266,0.27270988882997677,0.14982311884501387,0.3627091870607358,0.17465129096536228,0.5746060034245378,0.3454065765104658
E07000117,87059,0.3251128545009706,0.8613813620648066,0.6363385749893751,0.9234542092144408,0.26926567040742483,0.28126902445468016,0.23433533580675175,0.19662971974407498,0.3228229027962716,0.7298402958067816,0.2138829884876616
E07000118,107155,0.3235499976669311,0.9561756334282114,0.7534132798282861,0.9559703233633522,0.28584760393822034,0.3179133031589753,0.1880173580327563,0.28931616826203654,0.17055143703110043,0.7798592231201817,0.2935272429332241
E07000119,75757,0.2635004026030598,0.9571260741581636,0.7371332022123368,0.9624853148883932,0.28199374315244796,0.3399949839618781,0.21583484034478662,0.3102597211552606,0.19068367493191915,0.7381048971312663,0.33372935381048974
E07000120,80734,0.33018307032972477,0.8580028240889835,0.6639334109544925,0.9201947135036044,0.2726732231773478,0.2888745757673347,0.22747541308494562,0.19910720147049168,0.2823447191403861,0.7554246659072598,0.2103186730753202
E07000121,138375,0.32848419150858177,0.921149051490515,0.6585293586269196,0.9454453477868112,0.2606323396567299,0.29171454381210477,0.19488346883468835,0.2844819774922528,0.24613468921863652,0.6589635854341737,0.27365036923860453
E07000122,89452,0.32920448955864595,0.7773554532039529,0.5370813397129187,0.8946362294862049,0.2630461029378885,0.28677950185574386,0.21979385592272951,0.2148829431438127,0.2678858305665631,0.7357084731970298,0.2268080561489167
E07000123,140202,0.37751244632744185,0.7661802256743842,0.6099627680061626,0.8970770745067831,0.24046019314988373,0.2518223705795923,0.1931926791343918,0.26150950815988316,0.3097955425851616,0.6633219071361794,0.24650981614210035
E07000124,57132,0.2673107890499195,0.9642407057340895,0.781120912973465,0.9638906392214521,0.28600434082475673,0.3250017503325632,0.16349856472729818,0.3528139010952243,0.13004782699105844,0.7601086615818619,0.33956744331835753
E07000125,67982,0.32014356741490396,0.9275543526227531,0.6382866052778676,0.9462357682916066,0.27385190197405196,0.2991527168956489,0.2064664175811244,0.26078561287269286,0.21505265331406154,0.7881004633016337,0.28014508656425263
E07000126,109057,0.3162933145052587,0.9588563778574507,0.7569161080902648,0.956884931732947,0.2918015349771221,0.3351641801993453,0.18189570591525533,0.27386756338503426,0.15619712810724046,0.7845447535015513,0.26561575294560713
E07000127,110685,0.2923883091656503,0.9609161132944843,0.7619550978000632,0.9552423544292361,0.28566653114694857,0.3016939964764873,0.19681076930026653,0.2643192056633263,0.1977259205394328,0.7485781715479553,0.2812318644330096
E07000128,107749,0.2596033373859618,0.9720832675941308,0.7456774540831005,0.9659672015517545,0.2945920611792221,0.34266675328773355,0.23131537183639755,0.2398906284250724,0.20547365749455385,0.7579595535236212,0.2596070678364018
E07000129,93915,0.3082361710056966,0.8912953202363839,0.581312889314806,0.948357557365703,0.28088164829899376,0.3360059628387372,0.16684235745088644,0.25995290509829694,0.13030553688672905,0.7914077388350319,0.27102493992874305
E07000130,166100,0.34524382901866346,0.848687537627935,0.5552859723058399,0.931312462372065,0.26186634557495486,0.29199277543648405,0.1659060806742926,0.28038462122708147,0.18066329905586626,0.7309606394209018,0.28843060372995527
E07000131,85382,0.2837600431004193,0.9337799536202009,0.6546930266332482,0.9587617999109883,0.2819095359677684,0.3238621723548289,0.14874329483966175,0.33114897335080823,0.11825892601295203,0.7539871594183171,0.34413212640940133
E07000132,105078,0.3042311425797979,0.9506366699023583,0.642941433982375,0.9588305829954891,0.29369611146005825,0.33397095490968615,0.1790384285959002,0.25062043707683784,0.14584481124798906,0.7936921188678544,0.2732733291181612
E07000133,50376,0.29164681594410036,0.9553160235032555,0.6796688899475941,0.9535493091948547,0.2922423376210894,0.311576941400667,0.161485628076862,0.27373791212974946,0.15127966496044673,0.7328521234341583,0.27432783379162845
E07000134,93468,0.3087580776308469,0.9577823426199341,0.6487888903154021,0.9559528394744725,0.2892005820173749,0.3066504044164848,0.19032182137202036,0.253621290847196,0.1564352893068902,0.8081916571255752,0.2655591799701886
E07000135,56170,0.2940359622574328,0.7124977746127826,0.48420865230550114,0.9280220758411963,0.24897632188000712,0.30977390065871463,0.1819298557949083,0.2616447413419667,0.1708608650827124,0.7435508920792454,0.2751619379521952
E07000136,64637,0.3156551201324319,0.8420718783359377,0.7107539025635472,0.8619366616643718,0.2861209523956867,0.27321812584123645,0.21835790646224298,0.16787819458040865,0.2076508739144773,0.7529782192358879,0.1781088713604051
E07000137,136401,0.24253487877654856,0.969252424835595,0.6868791284521375,0.9634166904934715,0.3007309330576755,0.31245372101377555,0.2648294367343348,0.1897036477621175,0.18347840367876497,0.7009465290973345,0.23581538242972067
E07000138,93541,0.395110165595835,0.9019788114302819,0.5801199474027432,0.9233705006360847,0.2564757699832159,0.23681594167263553,0.1923862263606333,0.22489460598854177,0.29556811048336473,0.6348797058230005,0.20872665306397004
E07000139,107766,0.28627767570476775,0.9637084052484086,0.700545626635488,0.9598017927732309,0.2996677987491417,0.3192843754059722,0.18901137650093722,0.26553745468242385,0.13025319759853823,0.7610246433203631,0.263847562371252
E07000140,88270,0.28717571088705107,0.9046221819417696,0.7234734337827121,0.91392319021185,0.296148181715192,0.30922170612892264,0.21921377591480684,0.1715351701878803,0.1460390725633319,0.7784526391901663,0.20416967944082912
E07000141,133788,0.2892860346219392,0.9411681167219781,0.6965647143241547,0.9477755852542828,0.29316530630549825,0.30130504978024936,0.1806141058988848,0.26925520241784895,0.16671316964285715,0.7339024830156917,0.2753411892021884
E07000142,89250,0.2647843137254902,0.9679327731092437,0.7029579831932773,0.9654677871148459,0.29890196078431375,0.31623529411764706,0.20035854341736695,0.2639350993189959,0.1512830532760193,0.7716593595120091,0.27656786122760196
E07000143,130491,0.29113118912415414,0.9167375527814179,0.6379903594883939,0.9316657853798346,0.2864028936861546,0.2891923580936616,0.20484937658535837,0.19936548349560912,0.15521194445972963,0.7573775305459943,0.21244351641898174
E07000144,124646,0.2726521508913242,0.9626301686375817,0.6332974985157968,0.9650129165797539,0.2979879017377212,0.34214495451117566,0.18709786114275628,0.24211215800876706,0.11448177591120444,0.7625322955428089,0.2552444711655644
E07000145,97277,0.29139467705624145,0.9320805534710157,0.6104526249781551,0.9394923774376266,0.28290346124983295,0.2798092046424129,0.23685968934074858,0.15108623217379716,0.27198840276622543,0.6863852268321055,0.19624854594804186
E07000146,147451,0.2843249621908295,0.9261381747156683,0.6637323585462289,0.9408549280778021,0.2900149880299218,0.2982821411858855,0.22005954520484772,0.20372976165659093,0.16428219826285786,0.7474133317476364,0.2256199084259975
E07000147,101499,0.23071163262692243,0.9690243253628115,0.6598390131922482,0.9665612469088365,0.29811131144149206,0.32012138050621186,0.23309589257037014,0.23360328780369877,0.16190331407722713,0.7141004561980409,0.24106708658499873
E07000148,132512,0.4239842429364888,0.8535906182081623,0.44912913547452304,0.9159623279401111,0.24374396281091523,0.20281182081622798,0.19710667713112776,0.2925653991562628,0.3336427991180225,0.5247180571575035,0.2722029988465975
E07000149,124012,0.27365093700609616,0.9551736928684321,0.6227945682675871,0.9586894816630649,0.29501177305422055,0.3232912943908654,0.17846660000645098,0.2817523333367484,0.1165899751936223,0.7577942419571378,0.2909518837120647
E07000150,61255,0.3528365031426006,0.8639947759366582,0.5895192229205779,0.8903109950208147,0.27411639866133375,0.257334095175904,0.18901314178434414,0.16182572614107885,0.2656355344041245,0.7645007820646507,0.16732924921793535
E07000151,77843,0.29369371684030676,0.9372326349190037,0.6467633570134759,0.9533291368523824,0.28267153115887106,0.29493981475534087,0.16289197487249976,0.3009629887457942,0.12016936834455083,0.7725870093079725,0.311412383650344
E07000152,86765,0.3017230450066271,0.9412320636201233,0.6130006338961563,0.9541981213623004,0.28309802339653084,0.299798305768455,0.17212009450815421,0.25351731601731603,0.13358757220570916,0.7919248220743027,0.275629361770735
E07000153,93475,0.3306766515110992,0.8996095212623696,0.5904894356779887,0.93296603369885,0.27706873495587053,0.2985183204065258,0.17613265579031825,0.24575026825549218,0.18760232739729477,0.7685749605695043,0.26367279082654843
E07000154,212069,0.3742414025623736,0.77929353182219,0.5655564934054482,0.8920492858456446,0.25018272354752463,0.2676298751821341,0.1715055005682113,0.25476154100781706,0.2438268474377613,0.7301295977226758,0.24399767772866882
E07000155,85189,0.28895749451220226,0.9474697437462584,0.6575614222493514,0.9621429996830577,0.2867154210050593,0.31508762868445456,0.14417354353261572,0.32318636149914304,0.09272114526024715,0.7867949278530827,0.32595102754700483
E07000156,75356,0.32367694675938213,0.8206778491427358,0.5768750995275758,0.9092441212378576,0.2677955305483306,0.2866526885715802,0.19289771219279156,0.21795030725910708,0.21103035218517016,0.781893683139455,0.23034403102054285
E07000163,55409,0.25409229547546425,0.957552022234655,0.6731938854698695,0.9646627804147341,0.2906026096843473,0.3264632099478424,0.17823819235142305,0.32981690584371764,0.17198877272912175,0.6655797101449276,0.3108695652173913
E07000164,89140,0.26779223693067084,0.9667152793358762,0.7257347991922818,0.9644043078303792,0.2927754094682522,0.2991249719542293,0.1691047789993269,0.33391010761764084,0.1334312773827951,0.6989945862335654,0.3024417191470556
E07000165,157869,0.29206493991854005,0.9215742165973053,0.6859421419024634,0.9486029556150986,0.276754777695431,0.304892030734343,0.15596475558849426,0.35891286970423664,0.16424243326534563,0.6738532222795509,0.3266135967175254
E07000166,51965,0.32883671702107187,0.9374771480804388,0.6938708746271529,0.9479264889829693,0.2685846242663331,0.25043779466948907,0.15210237659963438,0.28499641062455133,0.13322116098381748,0.6398992624572765,0.2390357978053607
E07000167,51751,0.24677784004173833,0.9674015961044231,0.7182856369925219,0.963420996695716,0.2941972135804139,0.29384939421460454,0.18782245753705243,0.2856139501089852,0.1464659918309359,0.6727964240903388,0.26560539523212046
E07000168,108793,0.2658810769075216,0.955263665860855,0.6668076071070749,0.9569641429136065,0.28262847793516127,0.3016922044616841,0.22824078755066962,0.23835899793151,0.2877313644179225,0.6139911908848404,0.24702744060050869
E07000169,83449,0.3042337235916548,0.9588131673237547,0.7091996309122938,0.9526297499071289,0.2967441191626023,0.31290968136226915,0.17344725520976884,0.2727579438105754,0.1491651957521919,0.765582405396664,0.27734140368710436
E07000170,119497,0.32235955714369396,0.963137149886608,0.5815710854665808,0.9526682678226231,0.29356385515954375,0.29704511410328294,0.234683715909186,0.1578059619189724,0.23702656535312483,0.7544455688882463,0.1946653173341044
E07000171,112863,0.2975731639244039,0.9484419163056095,0.7082480529491507,0.949673497957701,0.2903077182070298,0.2949327946271143,0.22504275094583698,0.2126808144016687,0.20078880567268761,0.773469155905631,0.23327148104669215
E07000172,109487,0.32349959355905267,0.9007096732945464,0.5660489373167591,0.9442034214107611,0.28033465160247334,0.3145396257089883,0.19527432480568468,0.2948037932538862,0.21574113626655275,0.6955720597912946,0.30529284572717874
E07000173,113543,0.30664153668654165,0.9110381089102807,0.5709731115084153,0.9545282404023145,0.2773662841390486,0.3294698924636481,0.19776648494403,0.2641942417051001,0.21469533323876877,0.6994855930069427,0.2745962084967085
E07000174,104466,0.32376084084773993,0.936716252177742,0.6164589435797293,0.9355196906170429,0.28835219114352995,0.28791185648919265,0.24195432006585874,0.17269155691729882,0.2520032051282051,0.7798225843138066,0.20125721138934266
E07000175,114817,0.29516535007882105,0.9480216344269576,0.6607819399566266,0.9513835059268226,0.28756194640166527,0.3022897306148044,0.2059015650992449,0.2529786119501131,0.18647612408504705,0.7369260379433599,0.26452204197598755
E07000176,111129,0.3029992171260427,0.9104104239217486,0.5893151202656373,0.9557361264836362,0.2726111096113526,0.31922360499959507,0.1549370551341234,0.40347629332510543,0.15121631940656705,0.7109998915910816,0.4057023091099628
E07000177,141868,0.3393365663856543,0.8711971691995376,0.6383680604505597,0.9267347111399329,0.26305438858657343,0.280161840584205,0.1501536639693236,0.2969410315972125,0.15634254689042448,0.6930601772040251,0.2829918881716981
E07000178,151906,0.4673284794543994,0.6521401392966704,0.48006003712822404,0.8892802127631562,0.17325846247021184,0.17663555093281372,0.13035034824167577,0.4572655727150276,0.33493453724604966,0.37907373186070165,0.4192845989657198
E07000179,134257,0.3050045807667384,0.917456817894039,0.6352890352085925,0.9487252061345032,0.2664144141460036,0.29734017593123635,0.14082692150129975,0.3825089785189536,0.11614668046724826,0.674604420220583,0.3583118124616548
E07000180,120988,0.3063361655701392,0.9055030250933976,0.6330297219558965,0.9466310708500016,0.26694382914008,0.2914669223394056,0.14160908519853208,0.3880123158219959,0.1310745440929423,0.6816289707348728,0.3594118484987575
E07000181,104779,0.3107492913656362,0.9324673837314729,0.6541100793097854,0.9498754521421278,0.2747210796056462,0.2928926597886981,0.1465656286087861,0.34331132306187334,0.11942369510418353,0.7068742811642926,0.31496062992125984
E07000187,109279,0.27474629160222913,0.9478765362054924,0.6193596207871594,0.954995927854391,0.27553326805699174,0.30003019793372926,0.18170005216006735,0.29021863942071097,0.1500314145200078,0.7086451852539697,0.27566162132045685
E07000188,114588,0.2782752120640905,0.9569762976926031,0.6463940377700981,0.9509372709184207,0.289899465912661,0.3060966244283869,0.2029270080636716,0.2317317987152034,0.1647917050880105,0.7458562522918959,0.2393105977264393
E07000189,161243,0.278734580725985,0.9530522255229684,0.6594766904609812,0.9506769286108544,0.2882481720136688,0.3063512834665691,0.18642669759307381,0.26280697591647884,0.14650148918720593,0.7239466301049878,0.24999047872948166
E07000190,110187,0.29510740831495547,0.9394846942016754,0.6209353190485266,0.945973662954795,0.277727862633523,0.28718451359960795,0.18356974960748546,0.2947578957160798,0.1745794870701601,0.6653454759973453,0.2710161492515301
E07000191,34675,0.22808940158615718,0.9627108868060562,0.6547656813266042,0.9633453496755587,0.286027397260274,0.30260994953136267,0.22999279019466473,0.2624128534522419,0.176278563656148,0.5988277434060567,0.24291761641159232
E07000192,97462,0.33234491391516696,0.9685005438016868,0.6914694958034926,0.9574911247460549,0.29286285937083173,0.29092364203484433,0.21233916808602327,0.17977379631097723,0.2019722604760968,0.8156752885668548,0.20490353020473503
E07000193,113583,0.32375443508271484,0.8662916105403097,0.6417333579849097,0.9191956542792495,0.2739758590634162,0.2917602105948954,0.1841208631573387,0.24799269862174933,0.2142388520877865,0.738897689408423,0.24972232843538902
E07000194,100654,0.2930335605142369,0.9523814254773779,0.6882587875295567,0.9608659367735013,0.2923778488684007,0.31192997794424465,0.18295348421324537,0.2963986136923,0.13569765185328936,0.7770115880528807,0.3242818671454219
E07000195,123871,0.32090642684728465,0.9354409022289317,0.6567558185531722,0.954719022208588,0.2771915944813556,0.29512961064333054,0.20863640400093647,0.2342743079479593,0.2212500475520219,0.7918802077885856,0.25129867865983335
E07000196,108131,0.28025265649998615,0.9507726738863046,0.733378957005854,0.9695369505507209,0.2889920559321564,0.3136750793019578,0.19151769612784492,0.2611110472269816,0.1322371676638625,0.8120499549954996,0.29626087608760876
E07000197,130869,0.30939336282847735,0.9316950538324584,0.6785334953273885,0.9547104356264662,0.28173211379318247,0.3068641160244214,0.1828469691065111,0.3167053475987327,0.174891837064431,0.7376810245914348,0.309780754798896
E07000198,97106,0.2811154820505427,0.9774164315284328,0.7281630383292484,0.9666549955718493,0.2984264618046259,0.344108499989702,0.20783473729738636,0.24832985116974904,0.14832902422675476,0.792523796516148,0.2578848942026854
E07000199,76813,0.3396430291747491,0.9567130563836851,0.6331219975785349,0.9494746982932577,0.28758152916823976,0.2829338783799617,0.19163422858109955,0.18205934869483886,0.20602840244172438,0.7919594576944176,0.20979075781719392
E07000200,87740,0.26894232961021197,0.9591064508775929,0.6321518121723273,0.9634716206975154,0.288306359699111,0.30953954866651473,0.17588329154319582,0.26865779787264876,0.14109056020467992,0.7318579881656805,0.2753609467455621
E07000201,59748,0.37996250920532904,0.7820345450893754,0.6398205797683605,0.921587333467229,0.2531967597241749,0.24315458258017006,0.16427328111401218,0.22053258915901996,0.15766866330390922,0.7770450221940394,0.20228281547241597
E07000202,133384,0.36699304264379534,0.8339381035206621,0.5307758051940262,0.9090670545192827,0.2533062436274216,0.2461689557967972,0.18602680981227135,0.21983823748325312,0.27760131243673425,0.6408924998854595,0.22042181462759053
E07000203,96731,0.2762713090942924,0.9623802090332986,0.6375412225656718,0.9619977049756542,0.292233100040318,0.3163928833569383,0.16806401257094417,0.27527244900651765,0.11301046990522502,0.749927939057031,0.2779905291332098
E07000204,111008,0.3196166042087057,0.9185554194292304,0.6228019602190833,0.9436346929950995,0.27712417123090227,0.2792771692130297,0.16943823868550015,0.2594568154290506,0.15914152220427055,0.7260060549191792,0.25924614485774483
E07000205,124298,0.25242562229480764,0.9432171072744533,0.6307422484673929,0.9611578625561151,0.28123541810809505,0.31719738048882523,0.1825049477867705,0.3030377291060397,0.13954964711154264,0.7216300187101979,0.29308065983486964
E07000206,115254,0.2718170302115328,0.9612855085289882,0.606798896350669,0.9582834435247367,0.2883804466656255,0.30805872247384036,0.2263348777482777,0.18766714724365252,0.21897293791639644,0.7111486143022712,0.21270409304406174
E07000207,130875,0.3113810888252149,0.8143648519579751,0.6416275071633237,0.9302387774594079,0.23445272206303724,0.2983992359121299,0.1256160458452722,0.4644777838332528,0.11766373152942065,0.55969411401205,0.430619496369535
E07000208,75102,0.3201778914010279,0.8014566855742856,0.6154563127479961,0.9282442544805731,0.24201752283561023,0.30875342867034167,0.1403291523528002,0.3798597387152626,0.14403706688154713,0.5640047362189186,0.3583475858439679
E07000209,137183,0.35949789696974116,0.843420832027292,0.6022685026570348,0.9308077531472558,0.24220931164940263,0.27590882252174104,0.129527711159546,0.41626673402374337,0.1386804513367795,0.6178432184630325,0.3815855243426972
E07000210,85375,0.2742371888726208,0.9101610541727672,0.6433499267935578,0.953393850658858,0.2627115666178624,0.3126559297218155,0.14814641288433383,0.39580146948568,0.12317182092218376,0.6305454716892178,0.37574843241714206
E07000211,137835,0.3308956360866253,0.8607828200384517,0.619037254688577,0.9388036420357674,0.24945042986179128,0.298610657670403,0.1441941451735771,0.3566604697044428,0.13802933800046913,0.6302992868774215,0.34443259026335
E07000212,80510,0.350726617811452,0.8131909079617439,0.6339212520183828,0.9280089429884486,0.237597813936157,0.2863867842504037,0.14582039498198981,0.31876298545628895,0.14706241975912454,0.6937098718358712,0.3232392807065017
E07000213,95598,0.3328416912487709,0.8240444360760686,0.6376074813280612,0.9324567459570284,0.24841523881252747,0.3055607857904977,0.16140505031486013,0.2765879028625251,0.1483346831342377,0.7099738840932198,0.27995853352205896
E07000214,86144,0.3145198736998514,0.8591080052005944,0.634356426448737,0.9415629643387816,0.2578589338781575,0.3022613298662704,0.1323249442793462,0.36303535061855985,0.09971382579145055,0.7411714997331436,0.3578989503647038
E07000215,82998,0.2910552061495458,0.9031542928745271,0.6487023783705631,0.953553097665004,0.25631942938384056,0.308621894503482,0.15142533555025423,0.34295529441024686,0.11798932277607822,0.6167938201037955,0.34431875254107575
E07000216,121572,0.28307505017602735,0.9148652650281315,0.6516303096107656,0.9503586352120554,0.2575181785279505,0.30258612180436284,0.13758924752410095,0.4184894802708282,0.1190137987012987,0.6497178005339822,0.39710703301902733
E07000217,99198,0.35651928466299726,0.7603379100385088,0.5881671001431481,0.9055122079074175,0.23972257505191638,0.28424968245327525,0.1365652533317204,0.4092703631341373,0.15162034104441685,0.6231082370814749,0.36314056991488286
E07000218,62014,0.2994807624084884,0.9668300706292128,0.7029219208565808,0.9622504595736446,0.2910149321121037,0.3041571258103009,0.20045473602734867,0.20658890935134028,0.15500542383387572,0.8070893851174099,0.24342568302514556
E07000219,125252,0.3259908025420752,0.8948040749848306,0.6357343595311852,0.9369910260913997,0.28227094178136874,0.30248618784530384,0.20687094816849233,0.19551788685524127,0.22410881979093547,0.7872103645876588,0.21283946516070093
E07000220,100075,0.3236672495628279,0.8517112165875593,0.6374319260554584,0.921299025730702,0.27022732950287287,0.29466899825131154,0.17045216087934048,0.29989842894643115,0.17516417910447762,0.7530949787065465,0.29018520352579974
E07000221,120485,0.26838195626011535,0.9434369423579698,0.7029671743370544,0.9577291779059633,0.2845665435531394,0.31427148607710503,0.16952317715898244,0.34910413748405844,0.12752272377137575,0.7299925944211306,0.34124907430264134
E07000222,137648,0.36178513309310706,0.8491587237010345,0.5825366151342555,0.9353277926304777,0.2504431593630129,0.2878429036382657,0.15451005463210507,0.403071123166751,0.18487022614563983,0.701672221583726,0.3773991495230433
E07000223,61182,0.29346866725507503,0.9360432807034749,0.5856134157105031,0.9536791866888954,0.27463959988231834,0.3274982838089634,0.20761008139648918,0.2302357836338419,0.2059205401194495,0.6823817958849979,0.25156697097697234
E07000224,149518,0.268750250805923,0.9223839270188204,0.6528846025227731,0.9400473521582686,0.27558554822830694,0.3332040289463476,0.21247608983533756,0.2419434971159109,0.19524480556471682,0.7180582121198642,0.24890648399389115
E07000225,113794,0.2651545775699949,0.9366398931402359,0.6612650930629032,0.956640947677382,0.27219361302001865,0.29822310490887044,0.1741128706258678,0.3387334315169367,0.15609452736318408,0.6514591348409496,0.3297175565356104
E07000226,106597,0.38680263046802443,0.7303676463690347,0.5420602831224143,0.8811786448023866,0.24120753867369626,0.24218317588675103,0.1647982588628198,0.2355207861899528,0.2244014323495682,0.6568708758518732,0.21350016226156565
E07000227,131301,0.279967403142398,0.9285839407163693,0.6345420065346037,0.9561313318253478,0.2709575707724998,0.3144606667123632,0.14633551915065385,0.3397084366035011,0.11829288276314112,0.7005686360276927,0.332463536403264
E07000228,139860,0.30387530387530387,0.9121693121693122,0.6274631774631775,0.9498855998855998,0.2647576147576148,0.30901615901615903,0.1421993421993422,0.35102482919513417,0.13590203626609068,0.6415290257375846,0.3278461559761315
E07000229,104640,0.3134174311926605,0.9022266819571866,0.5812022171253822,0.9413990825688073,0.25557148318042816,0.31381880733944956,0.19677943425076452,0.2726539589442815,0.2426239265368591,0.6434767145482208,0.27742980774930354
E07000234,93637,0.2837553531189594,0.9456091075109199,0.6889157063981118,0.9646080075183955,0.2800281939831477,0.3276909768574388,0.17513376122686544,0.3172920175143146,0.12460172368764691,0.7819074182179845,0.35110592203411817
E07000235,74631,0.24132063083705163,0.95650600956707,0.6753091878709919,0.9642775790221222,0.2860205544612828,0.3136632230574426,0.1936058742345674,0.35308381831560637,0.1345150875450143,0.7388609179011089,0.34163732138179914
E07000236,84214,0.34599947752155225,0.8813261452965065,0.6345025767687082,0.9250362172560382,0.274859287054409,0.2722825183461182,0.1836867979195858,0.21940102127126343,0.20307009964863776,0.7671823307394809,0.228507525278412
E07000237,98768,0.36375141746314593,0.8970415519196501,0.6369573141098331,0.9308277984772396,0.2670601814352827,0.27856188239105784,0.17637291430422808,0.29129180327868853,0.2242757242757243,0.6828406618630367,0.278557314225265
E07000238,116944,0.27296825831167054,0.9438107128198112,0.7159666165002052,0.9528321247776713,0.29482487344369956,0.30953276782049527,0.18035127924476674,0.3018030212788998,0.12851251364573646,0.7687409899086978,0.3001132697192284
E07000239,97975,0.2949323807093646,0.9520898188313345,0.6865016585863741,0.9573360551161011,0.28899208981883134,0.3125184996172493,0.21193161520796122,0.23135330578512397,0.18411073630336164,0.7744880122574936,0.24994065474006777
E08000001,276786,0.3362742335233718,0.8002138836501846,0.6272282557643811,0.9059815164061766,0.26161727833055143,0.27015455984045433,0.2076441727544023,0.23378132457517659,0.283128958245611,0.7299277764718279,0.2468407272609369
E08000002,185060,0.3257700205338809,0.86595698692316,0.6270182643466984,0.9310656003458337,0.26290932670485245,0.29526640008645844,0.19614179185129146,0.26933193429233815,0.23917913791558384,0.7240901449407061,0.2809646053887046
E08000003,503127,0.467144478431887,0.6163056246236039,0.4874455157445337,0.858719567822836,0.1987947377103594,0.15677155072178595,0.19545959568856372,0.3112040133779264,0.44517951495104136,0.5012564048571629,0.2749818675276666
E08000004,224897,0.3321876236677234,0.762300075145511,0.5965708746670698,0.8880198490864707,0.2559393855854013,0.2606126360067053,0.21513848561786061,0.19680580146006646,0.31162837363298884,0.7110903426791277,0.2216822429906542
E08000005,211699,0.33552354994591377,0.7964704604178574,0.6055106542780079,0.9037737542454145,0.25521613233883955,0.2573890287625355,0.22346822611349132,0.20505105531203283,0.3136421783625731,0.72731479951076,0.22817978469031328
E08000006,233933,0.3818486489721416,0.8563434829630706,0.641683729956868,0.9159118209059859,0.2508282285953671,0.22499604587638342,0.21612598479051695,0.2354293063438365,0.3686700915446715,0.6355795854224351,0.2393923520167627
E08000007,283275,0.3111781837437119,0.9036519283381873,0.63208895949166,0.9474856588121083,0.2662748212867355,0.31878210219751124,0.18894713617509487,0.31018541577052816,0.21955418555653022,0.7032305111937578,0.3109093560854663
E08000008,219324,0.3325947000784228,0.8924148747971038,0.6397931826886251,0.9309469095949372,0.27078659882183437,0.27752092794222244,0.2234228812168299,0.18367359032860234,0.2962728929049109,0.6956090762768421,0.20804381109409964
E08000009,226578,0.32995701259610377,0.8266380672439513,0.6339494566992382,0.931895417913478,0.2531401989601815,0.2913345514568934,0.17383858980130462,0.3530040995218188,0.2168091952076542,0.6879417916907098,0.3415771061742643
E08000010,317849,0.33222064565249537,0.9595059289159318,0.777800150385875,0.9515021283691313,0.2897759627999459,0.29224568899068426,0.21907257848852757,0.20317012180366217,0.24640358981127095,0.7689249406302532,0.22371721322411078
E08000011,145893,0.318342895135476,0.9656529100093905,0.808750248469769,0.9579760509414433,0.27509887383219206,0.2619042723091581,0.24151261540992372,0.1599675121167445,0.3708070381422957,0.6708758165696779,0.18913617869705468
E08000012,466415,0.3915332911677369,0.8623521970777097,0.7101336792341584,0.9284671376349388,0.24009519419401176,0.21020550368234298,0.22792148623007408,0.23467081819381636,0.461375686996102,0.5506636830595535,0.2512587092508773
E08000013,175308,0.3146462226481393,0.9710509503274237,0.7881671115978734,0.9576973098774728,0.2908766285623018,0.29307846761128986,0.23219134323590482,0.2168641519005689,0.2668744058307806,0.7664800203614152,0.23443624331891066
E08000014,273790,0.2864823404799299,0.9567223054165601,0.7676832608933855,0.9561233061835713,0.27407136856715003,0.3060776507542277,0.22135943606413674,0.25037793329075364,0.28484694310184006,0.6638095784906373,0.2588111779132047
E08000015,319783,0.29707645497102725,0.9579902621465181,0.7040618169195986,0.9571303039873914,0.2747957208482002,0.2988151340127524,0.21786649071401545,0.2620671803755252,0.2801974634201859,0.6996047995769283,0.26993689656897424
E08000016,231221,0.31875997422379454,0.9632818818359924,0.6845701731244135,0.951193879448666,0.29613227172272416,0.28220620099385435,0.24815220070841315,0.18166375218586062,0.26910477098099944,0.7650778632734434,0.21440639511870166
E08000017,302402,0.3237875410876912,0.9223583177359939,0.6591226248503648,0.9336512324653937,0.28202855801218246,0.27505770464481055,0.2238113504540314,0.1795795718227882,0.27751468530362805,0.7292979112954452,0.2031834996076673
E08000018,257280,0.31297807835820896,0.9220071517412936,0.6649098258706467,0.9406327736318408,0.2864622201492537,0.2756490982587065,0.22858753109452737,0.18206394514672344,0.26553886216098915,0.7671300850519278,0.2149541659774878
E08000019,552698,0.3712805184748271,0.8136957253328219,0.5252398235564449,0.9156682311135557,0.24313458706201216,0.24427083144863923,0.19921367546110172,0.2689724250342571,0.33039908145158486,0.615767155919744,0.27948820799122454
E08000020,200214,0.3327889158600298,0.9437252140209975,0.669658465441977,0.9460876861757919,0.2843257714245757,0.2611106116455393,0.23518335381142177,0.22415299301124278,0.36510980999169973,0.6424132263787455,0.23617445062420409
E08000021,280177,0.39593542653394104,0.8257137452396164,0.564421776234309,0.9089539826609607,0.24545198213986158,0.2085967085092638,0.20397106115062977,0.28560496286904546,0.417001698633411,0.5368919428499602,0.2838479909498471
E08000022,200801,0.32351930518274313,0.953839871315382,0.6383683348190498,0.9553040074501621,0.2864378165447383,0.29636306592098643,0.21820110457617242,0.2626134232748965,0.31617284626759407,0.6434819736321413,0.26199154395684504
E08000023,148127,0.3090861220439218,0.9527365031358226,0.7027078115400973,0.9563887744975595,0.28316242143565995,0.26078972773363396,0.24250136707014927,0.20018729780350758,0.38456384831837065,0.6311318126953669,0.21008325338120146
E08000024,275506,0.32488584640624885,0.9503132418168752,0.702859465855553,0.9523785325909417,0.28687941460440064,0.26103968697596425,0.2453086321169049,0.18939685506927645,0.3514921758880409,0.6916410859922147,0.1985005472755553
E08000025,1073045,0.3747960243978584,0.5519227991370352,0.4607057485939546,0.857883872530975,0.20654585781584184,0.21486144569892224,0.20555801480832583,0.24595470510246012,0.3581668030072845,0.6141291648866745,0.2657219530270881
E08000026,316960,0.37554265522463404,0.6893393488137305,0.5366292276627965,0.8732836951034831,0.238881877839475,0.24807546693589097,0.19307483594144373,0.24883159701568633,0.32164520343411723,0.6803213143355626,0.23564989822622856
E08000027,312925,0.31559638891108094,0.8890948310297995,0.6529360070304386,0.943385795318367,0.27798354238236,0.2876440041543501,0.21792761843892305,0.20062354180001238,0.23020474793442522,0.762855814870632,0.23493992873139058
E08000028,308063,0.35282393536387036,0.6650165712857435,0.5520786332665721,0.8727468082827214,0.24192454140873781,0.2266938905353775,0.23306920986940982,0.1657394725923811,0.33907554033811255,0.6772603591697116,0.18523672549172043
E08000029,206674,0.29247510572205504,0.8766608281641619,0.6559702720226056,0.9538451861385564,0.26540832422075344,0.3100825454580644,0.18286770469434954,0.2970600486158169,0.19745282141861115,0.7268151233906127,0.32425644010169385
E08000030,269323,0.3259543373570026,0.7738626110655236,0.5902615075578395,0.9110361907449419,0.25878591876668533,0.25198739060533265,0.22704336428749122,0.17909608455918943,0.28791897757414997,0.7350939698940056,0.21685223122828895
E08000031,249470,0.35007816571130795,0.6512646811239828,0.5547520743977232,0.8857016875776647,0.23802461217781698,0.23341884795767026,0.22864071832284444,0.20960888693120472,0.33637707116082877,0.6808906447777223,0.21875839054888574
E08000032,522452,0.35013360079012046,0.6434447566475007,0.45907183817843555,0.8566873129014723,0.23754335326498893,0.25019523324630777,0.19578449312089916,0.23350450460078442,0.30506884232498394,0.675413475109278,0.24021522173045215
E08000033,203826,0.3210974066115216,0.8758794265697213,0.5625729789133869,0.9286253961712441,0.2719721723430769,0.29131710380422515,0.1931549458852158,0.26086540363594596,0.2732873698107672,0.7032645248072844,0.2759273630296446
E08000034,422458,0.33895440493492845,0.7729170710461158,0.5343750147943701,0.9045514583698261,0.2591949968991,0.2768866964289941,0.19495665841338075,0.25146682454804886,0.26437112807952745,0.7251880226822663,0.2622805968908039
E08000035,751485,0.3825705103894289,0.8207016773455226,0.5586139443901076,0.9188367033274117,0.2525333173649507,0.2500502338702702,0.18119722948561848,0.28268410548044454,0.32061223471284733,0.632188049827574,0.2801576465620381
E08000036,325837,0.32424187553899647,0.9306463047474658,0.663567980309173,0.9396784281711408,0.28855838962426,0.2760306533634916,0.23210685097149802,0.19292568887904368,0.2686270599797741,0.7427483731591011,0.21293832494665016
E09000001,7375,0.4808135593220339,0.5997288135593221,0.4534237288135593,0.9228474576271186,0.1625762711864407,0.25328813559322033,0.12054237288135593,0.7285060735131724,0.6939566704675029,0.03834000421318728,0.5769959974720876
E09000002,185911,0.3845227017228674,0.5038916470784408,0.5599507291123171,0.8367713583381295,0.20862132956091894,0.17874144079694046,0.1902630828729876,0.2310527120430644,0.39634907650579065,0.4193466902428972,0.20099179706715237
E09000003,356386,0.390593345417609,0.47926125044193657,0.41209811833237,0.8283293956552726,0.1870359666204621,0.22318777954240626,0.1555195770877644,0.45265992141141287,0.2871185143765267,0.3965240422365198,0.38200377362912963
E09000004,231997,0.32767234059061107,0.7838291012383781,0.6210985486881296,0.9293180515265284,0.24993426639137575,0.29271068160364144,0.17339879394992178,0.2300103128222757,0.23668524037838537,0.5166532012817836,0.2405069036574406
E09000005,311215,0.43437494979355107,0.21916360072618607,0.4147614992850602,0.7359638834889064,0.16983114567099916,0.15731889529746318,0.17142811239818131,0.39296161181848016,0.42996391201059064,0.30658275747485775,0.2776598558262863
E09000006,309392,0.33012489010704865,0.7884528365310027,0.6065315198841599,0.9353118374101463,0.2377469359259451,0.30324313492268706,0.15779334953715674,0.3484858749407222,0.2347740367715609,0.4360697109032292,0.34470958194598594
E09000007,220338,0.487246866178326,0.4719567210376785,0.33957374579055816,0.8600559140956168,0.14650673056849023,0.14542203342137988,0.16026286886510724,0.556891044740543,0.6110176963930527,0.11869757539048878,0.459657140759503
E09000008,363378,0.3679969618413883,0.48739604488989424,0.5642113721799339,0.8765280231604555,0.19733445613108114,0.23965402418418286,0.16555762869518792,0.34539315186881936,0.33461830218605615,0.39979882881372586,0.29901668911536705
E09000009,338449,0.4313677983979861,0.3352440101758315,0.4374514328598991,0.7548345540982541,0.176106296665081,0.19380763423735925,0.16354605863808136,0.43630229478680027,0.3533711577827566,0.3636269870161388,0.31870525421672125
E09000010,312466,0.3740182931902991,0.42676323183962417,0.5357926942451339,0.8129556495746737,0.1927153674319766,0.22578136501251336,0.18152695013217438,0.31622475951712675,0.32466893492111143,0.45677289968173695,0.29746697475694295
E09000011,254557,0.42302902689770855,0.5398437285165995,0.5288874397482686,0.8624865943580416,0.19337515762677907,0.17795228573561128,0.16908197378190346,0.3626928794369813,0.42015933494977487,0.3072117873723699,0.30025207730370645
E09000012,246270,0.5048442766069761,0.3826937913671986,0.38628740812928897,0.816628091119503,0.16120518130507167,0.10782068461444756,0.17106833962723839,0.4613753442318893,0.6462877372406333,0.1315918215864233,0.34637639596477615
E09000013,182493,0.5269188407226578,0.4839089718509751,0.541434465979517,0.8558191273089927,0.16109659000619203,0.15701424164214517,0.14292603003950838,0.5537689029872018,0.5524754932373743,0.14942078740789816,0.4162902286735329
E09000014,254926,0.4638797141131152,0.374308622894487,0.4497736598071597,0.7788613166173713,0.15818315903438646,0.16136447439649154,0.16818213913057123,0.4632619347613048,0.5183757540091217,0.2091137285190191,0.3400350775567999
E09000015,239056,0.371331403520514,0.3395104076032394,0.37305484907302056,0.8079069339401647,0.2014674385917944,0.23351013988354194,0.16421256943979654,0.4114617210160851,0.23509517254473822,0.4521334503950834,0.34955223880597014
E09000016,237232,0.3200537870101841,0.8456026168476428,0.6558853780265731,0.9428449787549741,0.25810598907398663,0.30469751129695827,0.18430481553921899,0.20463425814760647,0.23008467165300053,0.5230668344469454,0.23907803555287738
E09000017,273936,0.3796872262134221,0.5434298522282577,0.49213319899538577,0.8562036388061445,0.2064496816774721,0.234693505052275,0.1593875941825828,0.30890198526911034,0.22667491568044384,0.5685470872668662,0.2731598741269476
E09000018,253957,0.43155337320885034,0.3978586926133164,0.4199923609114929,0.8021633583638175,0.19656871045098187,0.19612375323381517,0.15928287072220887,0.3989017443219725,0.31595751406714295,0.43459128408589964,0.2876676742867939
E09000019,206125,0.5221588841722256,0.5164924196482716,0.4020812613705276,0.8681334141904185,0.16767980594299575,0.13472892662219527,0.17638326258338388,0.5209112631829157,0.6465111804694514,0.11011099142977568,0.42761204514588114
E09000020,158649,0.46077189266872154,0.4159244621775114,0.5421086801681699,0.8580388152462354,0.15347717287849277,0.18094661800578635,0.13675472268971126,0.6045126276654844,0.5600234287460528,0.15851425903399805,0.4665855726344502
E09000021,160060,0.4047419717605898,0.6480882169186555,0.5290765962763964,0.877014869423966,0.2081032112957641,0.2573784830688492,0.13826065225540424,0.4493478932901102,0.25137101462939393,0.4168527398513855,0.3847505399172737
E09000022,303086,0.5184271130966128,0.41475356829414756,0.5310175989653102,0.8475482206370469,0.16644780689309305,0.14805038833862336,0.15003662326864323,0.5183619550858652,0.5784935816085589,0.14461181784328564,0.3663195070092616
E09000023,275885,0.44273157293799953,0.43370244848396977,0.5277126338873082,0.8655019301520561,0.16911031770484078,0.18364173478079635,0.1689363321673886,0.4151845247906022,0.48145851099568443,0.2422514093357931,0.322996979207244
E09000024,199693,0.4306210032399734,0.5061519432328624,0.5608258677069301,0.8413965436945712,0.1998918339651365,0.2371640468118562,0.14374064188529392,0.45940873482041694,0.32560915220234393,0.3043158878861308,0.364141115414703
E09000025,307984,0.4858206919839992,0.17432074393474986,0.3997577796249156,0.7077900150657177,0.1606187334406982,0.11568133409527767,0.1693789287755208,0.3577228073148485,0.5205823540421005,0.2249686683678862,0.22091443067027045
E09000026,278970,0.3833351256407499,0.3590099293830878,0.3683370971789081,0.8213320428719934,0.19207083198910277,0.22936516471305157,0.16899666630820517,0.378135914116063,0.27947126784723275,0.40571167356366084,0.34018220896288454
E09000027,186990,0.3801647146906252,0.7398684421626825,0.5525375688539494,0.9133750467939462,0.20698433071287234,0.2746189635809402,0.12131664794908818,0.56557272197507,0.24739775787561846,0.35548969799604857,0.47151324543365186
E09000028,288283,0.4968832709525015,0.4188800588310792,0.5253934501861018,0.8592875750564549,0.16455011221612095,0.13106218542196382,0.1528879607885307,0.47480758400600714,0.5838800219229044,0.14391945070154966,0.36365240046679514
E09000029,190146,0.35917137357609413,0.7261420171867933,0.5842142353770261,0.9091382411410179,0.23065433929717163,0.2827458900003155,0.15732647544518422,0.3211987678317066,0.23413155269015273,0.5136906346638268,0.29950439288127956
E09000030,254096,0.5557741955796235,0.3270181348781563,0.27079528996914554,0.7758052074806372,0.17579182671116428,0.10600324286883697,0.1669408412568478,0.45594485614646907,0.6300502681296108,0.12794420590206249,0.3665417421591257
E09000031,258249,0.43614883310293556,0.37544385457446106,0.4837927736409434,0.7895054772719352,0.17410328791205387,0.1912069359416687,0.17286804595564745,0.34261962213635266,0.41898183995622595,0.31241685327339885,0.26626783781327207
E09000032,306995,0.5365527125848956,0.5583250541539765,0.5296177462173651,0.873102167787749,0.18367400120523136,0.19969054870600497,0.126588380918256,0.5883019110739335,0.4532273761810978,0.1725089874679419,0.43346473888745785
E09000033,219396,0.4972834509289139,0.37509343834892156,0.4461202574340462,0.823524585680687,0.1532480081678791,0.1511969224598443,0.1585306933581287,0.5755542894251564,0.6290038951707446,0.11421221633581881,0.4653396774570737
N09000001,138567,0.34275837681410437,0.9788405608839046,0.7890045970541326,0.9404620147654204,0.2818203468358267,0.2859555305375739,0.18912150800695693,0.248733724424095,0.1952253169242158,0.7013299981697273,0.24662924775791592
N09000002,199693,0.34849493973248935,0.9853975852934254,0.8535101380619251,0.9246944059130766,0.27641429594427447,0.2659482305338695,0.1987250429409143,0.23230497390174057,0.18193256165072974,0.723969089334488,0.23808096284946595
N09000003,333871,0.37559416660925926,0.9668794234899107,0.7678953847444072,0.9381737257803163,0.2712963989085605,0.23014877003393527,0.23810393834744556,0.26557009432217493,0.38197461272754246,0.527577052485129,0.2728034185607405
N09000004,140877,0.3319420487375512,0.9896718413935561,0.8540854788219511,0.950062820758534,0.27733412835310234,0.25961654492926456,0.19979840570142748,0.22211593826036888,0.19331000335058263,0.7042893986697435,0.23282883127460297
N09000005,147720,0.3487340915245058,0.9852829677768752,0.8793799079339291,0.9494178174925535,0.26829136203628484,0.2252504738694828,0.22837124289195776,0.21018250813155043,0.2913159220087776,0.6628785154283249,0.2383478385959865
N09000006,113161,0.3332331810429388,0.9905532824913177,0.896421912142876,0.9386714504113608,0.26476436228029093,0.2626611641820062,0.2006698420834033,0.23448284082917117,0.1650366159182887,0.712751269035533,0.23226395939086295
N09000007,134841,0.32840901506218434,0.9761348551256666,0.7870973961925527,0.9467224360543158,0.2839344116403764,0.2959263132133402,0.17869194087851617,0.3065564716939086,0.15256040115483968,0.7098764484690354,0.30321540940833397
N09000008,135338,0.32259971331037846,0.989729418197402,0.8058268926687258,0.9487653135113567,0.28813784746338794,0.2898816296974981,0.19834784022225835,0.2308387493750721,0.19495894244577824,0.7197741909835413,0.23069094378627653
N09000009,138590,0.3622555739952378,0.9848113139476152,0.89362147341078,0.9122736128147774,0.26173605599249583,0.24714625874882748,0.19568511436611588,0.21986366124297158,0.1533952943146613,0.7156931853576171,0.23025852035212538
N09000010,171533,0.34102475908425783,0.9895646901762343,0.8623296974926108,0.9365311630998117,0.2673246547311596,0.2560964945520687,0.190161659855538,0.24272152400272595,0.17553792057808315,0.7067984426474992,0.25221214843856354
N09000011,156672,0.3123723447712418,0.9852749693627451,0.7392514297385621,0.9560100081699346,0.29156454248366015,0.3082363153594771,0.19407424428104575,0.27849666672126583,0.17079173438588344,0.7170774793673577,0.2623450826685804
S12000005,51442,0.3207495820535749,0.9626764122701295,0.4889973173671319,0.8628746938299444,0.25584153026709694,0.2742117336028926,0.18376035146378444,0.21924054240186183,0.24896630597343186,0.7125627293046009,0.22405431619786614
S12000006,151324,0.26819936031297087,0.9720070841373477,0.5630897940842167,0.8566255187544606,0.24493801379820782,0.2882094049853295,0.1947278686791256,0.21507609384908052,0.21902030008826126,0.6325651088119871,0.20626471637531216
S12000008,122767,0.31532903793364664,0.9806462648757402,0.5507506088769784,0.8543501103716797,0.2691684247395473,0.2720437902693721,0.20306759959924084,0.1791574410880911,0.284296815593761,0.6925569839040726,0.20928306506787656
S12000010,99717,0.29667960327727466,0.957319213373848,0.5147166481141631,0.8731309606185504,0.24516381359246667,0.2815367489996691,0.1605443404835685,0.2698393123604928,0.23479780911315698,0.603194689347578,0.2582719634892646
S12000011,90574,0.2755095281206527,0.9265793715635834,0.5977212003444697,0.8974981782851591,0.24703557312252963,0.33700620487115507,0.1442246119195354,0.3523867185887469,0.18595030221625253,0.6473078822948275,0.3625479265165949
S12000013,27684,0.2728651928912007,0.9787241728073978,0.7387660742667245,0.8785941337956943,0.2494581707845687,0.3319968212686028,0.18292154312960554,0.2641484830044336,0.22829198473282442,0.6466362343785078,0.22599715632717204
S12000014,155990,0.33184178472979037,0.9637733188024873,0.5293544457978075,0.8609974998397333,0.266844028463363,0.2851593050836592,0.18231296878005002,0.202448026454985,0.2516149682826049,0.6998631974954619,0.21279366499171293
S12000015,365198,0.3182109431048363,0.9492959983351497,0.45351288889862484,0.8620200548743422,0.25016840179847644,0.2855053970722731,0.1815645211638618,0.2379247409416857,0.2562006063919678,0.6749877484670643,0.2360541697046484
S12000017,232132,0.29178656971033723,0.9518463632760671,0.5361690762152569,0.8720814019609533,0.23980321541192082,0.29552151362156015,0.15980562783244015,0.26370757180156656,0.20633552418920376,0.6104363667910124,0.24369740609004945
S12000018,81485,0.3068294778180033,0.9771491685586304,0.7406025648892434,0.8812051297784869,0.2581333987850525,0.28427317911272015,0.21151132110204332,0.19743775183386714,0.3830474969279265,0.6178719562089106,0.21723427668519513
S12000019,83187,0.3084015531272915,0.9634197651075288,0.4745092382223184,0.8664935626960943,0.2614230588914133,0.2729032180508974,0.17096421315830598,0.2105084043560606,0.24832752015552634,0.6210505626259152,0.21455948110657952
S12000020,93295,0.3019561605659467,0.961712846347607,0.49923361380567016,0.8425210354252639,0.23780481269092663,0.2830698322525323,0.15016881933651322,0.22705275996380375,0.19891667914732164,0.6161190005001849,0.18991801317878346
S12000021,138146,0.294898151231306,0.9793406975229105,0.5838822694830107,0.8721787094812734,0.262360111765813,0.2813762251530989,0.20706354147061803,0.19648434406975004,0.32116227719287016,0.6388412199473282,0.2066094639367938
S12000023,21349,0.2834324792730339,0.9760176120661389,0.5079394819429481,0.8428966227926367,0.24970724624104174,0.32380907770855777,0.13536933814230176,0.2654178186537268,0.1838560411311054,0.5704567541302236,0.20814559590069795
S12000024,146652,0.2879060633336061,0.9386097700679159,0.5439271199847258,0.870209748247552,0.2390557237541936,0.2911245670021548,0.14639418487303277,0.30363772566000147,0.2112786945983914,0.6064256472670945,0.2686158442133215
S12000026,113870,0.2704487573548784,0.9583911478001229,0.532510757881795,0.8672170018442084,0.23737595503644507,0.2836655835602002,0.15904101167998594,0.2699912196257233,0.2049220922701817,0.635041576614528,0.2529946151873695
S12000027,23167,0.3088013122113351,0.957568955842362,0.44619501877670825,0.81844865541503,0.23537790823153623,0.2808304916476022,0.1436094444684249,0.26631364997860507,0.19105527638190956,0.6981714373890904,0.2022992053082324
S12000028,112799,0.27869041392210925,0.9734660768269222,0.5842604987632869,0.8792897100151597,0.2584154114841444,0.3139744146667967,0.1904183547726487,0.25148540018428495,0.2603244550169637,0.6467897239202525,0.25478445003795597
S12000029,313830,0.31757002198642575,0.964681515470159,0.6132651435490553,0.8748080170793104,0.2645381257368639,0.30288691329700795,0.19580027403371253,0.22040209641333716,0.2822728970888295,0.6549081177047312,0.24179551386515097
S12000030,90247,0.3173845113965007,0.9369508127693995,0.5341230179396546,0.8732478641949317,0.2292153755803517,0.27566567309716666,0.152714217647124,0.3330234939109818,0.22286109780120322,0.6138104384529653,0.3107111522136065
S12000033,222793,0.4085990134339948,0.8386708738604893,0.4086663405044144,0.8397346415731194,0.23252525887258577,0.26575790083171374,0.1432495634961601,0.33159374377157,0.3137630476632711,0.5324587818390537,0.2746768263263846
S12000034,252973,0.30991449680400673,0.9497298130630542,0.4867120206504251,0.829479825910275,0.250414075810462,0.30062496788194787,0.13074517833919036,0.2695637792824344,0.14306587466814372,0.6798814375694702,0.2525527973323453
S12000035,88166,0.266077626295851,0.9628768459496858,0.590216183109135,0.8880407413288569,0.22706031803643129,0.3025882993444185,0.1767121112446975,0.2885760399289308,0.23389408099688475,0.5657853810264386,0.24811580332575667
S12000036,476626,0.416584491823778,0.8386491714677756,0.4333901213949722,0.8597915346623978,0.20472655709088466,0.278665032960854,0.13882792797707216,0.4143745178327696,0.39916431668093844,0.37570490308637805,0.3517761869386101
S12000038,174908,0.322815422965216,0.9556795572529558,0.588600864454456,0.8747741669906465,0.25488256683513616,0.2995746335216228,0.19310723351704898,0.23058839846052495,0.3435020147833181,0.6271460925894358,0.23802449894065217
S12000039,90720,0.32159391534391535,0.9736000881834215,0.6520833333333333,0.8666335978835978,0.2581128747795414,0.2580136684303351,0.22181437389770722,0.16513650963597432,0.379633362582114,0.5976733977172959,0.179006926153546
S12000040,175118,0.34063888349570004,0.9435237953836841,0.5212485295629233,0.8569079135211686,0.25680398359962997,0.26510124601697144,0.1689432268527507,0.21474957935058892,0.2438894792773645,0.6888522206708745,0.2228748139344357
S12000041,115978,0.2864595009398334,0.9633723637241546,0.5261515114935591,0.8593353911948818,0.25662625670385764,0.28884788494369623,0.15903878321750678,0.23633514417049728,0.23450092994420335,0.6541176470588236,0.22942088463292293
S12000042,147268,0.36154493847950675,0.9029728114729608,0.48764157861857294,0.8515223945459978,0.2393323736317462,0.2368810603797159,0.1831219273705082,0.24809005859311772,0.4176144985764456,0.548761634327181,0.2269758637008992
S12000044,337727,0.33826137679249807,0.964216660201879,0.6836172411444746,0.8662766080295623,0.27002282908976777,0.2631474534165169,0.20844942808836722,0.17156260880719823,0.31928519568761216,0.6608553527649141,0.20140890575408765
S12000045,105026,0.27133281282729993,0.9457182031116105,0.6246643688229582,0.899843848189972,0.25576523908365545,0.3367166225506065,0.15108639765391427,0.3480628417832978,0.1898189680951395,0.6390188317140458,0.34492823157810565
S12000046,593245,0.40615934394727304,0.845557906092761,0.5443855405439574,0.8332071909582045,0.23128049962494415,0.21949953223373142,0.22522566561875784,0.2591244689701739,0.5082133618954612,0.4370009932015737,0.25213076384130334
W06000001,69751,0.2797952717523763,0.9723874926524351,0.6508867256383422,0.9606170520852748,0.2816447076027584,0.3015584005964072,0.21433384467606198,0.27221751437895536,0.18032947636791527,0.7723045578521902,0.25053399493937106
W06000002,121874,0.3028127410276187,0.9488652214582274,0.5949012914977764,0.9509575463183287,0.26078572952393453,0.28303821980077787,0.18949899076094984,0.27615803532603067,0.21401482667276503,0.6941124145215989,0.2616889976093846
W06000003,115228,0.2627920297149998,0.961146596313396,0.6465963133960496,0.960313465477141,0.27647793938973164,0.311373971604124,0.2249106120040268,0.26687531351551763,0.21744142876682884,0.7320184456910147,0.2721537939432655
W06000004,93734,0.2774446838927177,0.961380075532891,0.6414854801886188,0.9562698700578232,0.28211748138348947,0.2993470885697826,0.22002688458830308,0.2534135616755381,0.2100083855374143,0.7406696471960346,0.26049664690446106
W06000005,152506,0.3087944080888621,0.9630965339068627,0.6642230469620868,0.9491495416573774,0.29025743249445923,0.3068141581314833,0.1887925720955241,0.234503417433128,0.16986249823615182,0.8021850396359168,0.22891598806195898
W06000006,134844,0.3282311411705378,0.9341832042953339,0.6346296461095785,0.9322921301652279,0.28281569814007296,0.27055708819079827,0.2031161935273353,0.2399370492309772,0.22176436549825526,0.7823906687207218,0.22664822208947716
W06000008,75922,0.30410157793524933,0.9377387318563789,0.5792919048497142,0.959366191617713,0.25614446405521457,0.2823028898079608,0.20754195094965885,0.2917312661498708,0.18386033838159813,0.6591567527584294,0.2635147629908155
W06000009,122439,0.26760264294873365,0.9631408293109222,0.630207695260497,0.9597023824108332,0.28329208830519687,0.2997247609013468,0.22064048219929924,0.25829218855568836,0.17875832988215806,0.7274655550841986,0.23417009425088073
W06000010,183777,0.2825217519058424,0.9595596837471501,0.6177813328109611,0.9525566311344728,0.28584099207191327,0.3074595841699451,0.24769693704870577,0.24999479697808488,0.1880779916020754,0.7745166088249876,0.24241447694595936
W06000011,239023,0.3393397288127084,0.9193926944268962,0.5499512599205935,0.9429259945695603,0.2700074888190676,0.27849621166163924,0.22069005911564996,0.270274131335418,0.25759200749780187,0.7623184458085668,0.25864601675211346
W06000012,139812,0.3105885045632707,0.9721912282207535,0.5768174405630418,0.9618487683460647,0.29002517666580835,0.2974708894801591,0.2665651017080079,0.19552486986697512,0.2551123474574868,0.8126144455747711,0.20664632078670736
W06000013,139178,0.32043139001853743,0.9637298998404921,0.5505539668625788,0.9571412148471741,0.2886950523789679,0.3052996881691072,0.23987268102717382,0.23536684770164945,0.21907203281209947,0.8030656719828924,0.2409605119247784
W06000014,126336,0.3002469604863222,0.9486686296859169,0.5808637284701115,0.9588794959473151,0.27842420212765956,0.30689589665653494,0.19942059270516718,0.3100635829930729,0.1937762825904121,0.7396995489843671,0.29470310963410085
W06000015,346090,0.40219596058828627,0.810034962004103,0.5135745037418012,0.912580542633419,0.2375046953104684,0.24531480250801815,0.1857435927070993,0.3402557810989665,0.29041015172878215,0.6240054130590048,0.3156615334494468
W06000016,234410,0.3269229128450151,0.9653939678341368,0.5050467130241884,0.9544558679237234,0.2870142058785888,0.3025041593788661,0.25473315984812933,0.2037015723735771,0.27069223282461896,0.7916477896241707,0.21728230994593614
W06000018,178806,0.3226681431271881,0.9748050960258604,0.5070802993188148,0.9562934129727191,0.29276422491415277,0.28996789816896523,0.25251949039741395,0.19379268521593485,0.24351830717383424,0.8004723311996697,0.20761924427008052
W06000019,69814,0.32212736700375283,0.9748188042512963,0.49853897499068955,0.9572005614919643,0.29021399719254015,0.2710631105508924,0.27444352135674793,0.1581514715786025,0.28968306154655443,0.8271181647873882,0.1777243646389311
W06000020,91075,0.3060225089212188,0.9719022783420258,0.5541806203678287,0.9587263244578644,0.2887510293713972,0.28237167169914906,0.24219599231402691,0.21122708039492244,0.23595680614681758,0.8106604406249224,0.20630386726608876
W06000021,91323,0.2639094204088784,0.9653318441137501,0.6252641722238648,0.9636236216506247,0.28652146775730103,0.30970292259343213,0.19946782300187246,0.3432318151669246,0.15188449768524573,0.749655510661653,0.330733120022421
W06000022,145736,0.33118790141077015,0.875041170335401,0.5685486084426634,0.9289194159301751,0.26570648295548116,0.27170362847889334,0.21448372399407148,0.2455563880588931,0.27914732230432227,0.7429511861880512,0.2453732455595578
W06000023,132976,0.2568884610756828,0.9646477559860426,0.6175550475273733,0.9592106846348213,0.285607929250391,0.3028290819395981,0.2106094332811936,0.27586567831688724,0.15008998200359927,0.6889698835875764,0.24627276012128257
W06000024,58802,0.32713173021325803,0.9482160470732288,0.5603210775143702,0.9403591714567532,0.28624876704873986,0.2701438726573926,0.2702799224516173,0.1865855266048596,0.29727167820639633,0.7672417227777999,0.19793617275588668
